Gene ID,Genotype,Gender,Parameter,Fatmass,Leanmass,BoneMineralDensity,BoneMineralContent,Bodylength,BMC_Body weight,Lean_Body weight,Fat_Body weight,Bone_Area,Bodyweight
(null),(null),F,B6NC_165108_319741,5.65,19.35,0.0512,0.4534,9.2,0.0173053,0.73855,0.215649,8.85547,26.19998646
(null),(null),F,B6NC_209085_417795,3.768,18.662,0.0505,0.4643,9.3,0.0208206,0.836861,0.168969,9.19406,22.29999964
(null),(null),F,B6NC_28747_055857,3.744,17.526,0.0495,0.4248,9.1,0.0187137,0.77207,0.164934,8.58182,22.70001425
(null),(null),F,B6NC_42023_144713,4.185,16.845,0.0499,0.4337,9,0.0191903,0.745354,0.185177,8.69138,22.59999946
(null),(null),F,B6NC_98735_198416,3.687,17.623,0.0483,0.4144,8.9,0.0193645,0.823505,0.17229,8.57971,21.3999915
(null),(null),F,B6NC_172886_349029,5.363,20.927,0.0504,0.4646,9.3,0.0178692,0.804885,0.206269,9.21825,25.99998758
(null),(null),F,B6NC_26168_038538,4.056,16.744,0.0504,0.4295,9,0.0192601,0.750852,0.181883,8.52183,22.30000053
(null),(null),F,B6NC_223417_496096,8.258,19.362,0.0505,0.4125,9.6,0.0147321,0.6915,0.294929,8.16832,28
(null),(null),F,B6NC_130659_237716,3.706,18.224,0.0507,0.4546,9.2,0.0196797,0.788918,0.160433,8.96647,23.09999265
(null),(null),F,B6NC_151396_296904,6.739,19.381,0.051,0.4389,9.3,0.0160182,0.707336,0.245949,8.60588,27.39999095
(null),(null),F,B6NC_31169_069499,3.357,17.363,0.0511,0.433,9,0.0201395,0.807581,0.15614,8.47358,21.50001053
(null),(null),F,B6NC_37043_115864,4.192,16.458,0.0489,0.3764,8.9,0.0173456,0.758433,0.19318,7.69734,21.70000514
(null),(null),F,B6NC_47919_170956,3.924,18.246,0.0495,0.4341,9,0.0183941,0.773136,0.166271,8.7697,23.59998758
(null),(null),F,B6NC_26171_038541,3.594,16.826,0.0516,0.4499,9.2,0.02045,0.764818,0.163364,8.71899,22.00000523
(null),(null),F,B6NC_214377_448374,5.311,19.509,0.0507,0.4483,9.5,0.0175804,0.765059,0.208274,8.84221,25.49999412
(null),(null),F,B6NC_118083_229695,3.778,17.812,0.0514,0.438,9,0.0187983,0.764464,0.162146,8.5214,23.29998535
(null),(null),F,B6NC_100766_209241,3.357,17.363,0.0505,0.4616,9,0.0214698,0.807581,0.15614,9.14059,21.50001053
(null),(null),F,B6NC_103485_220170,3.522,18.218,0.0509,0.448,9.1,0.0193939,0.788658,0.152468,8.80157,23.10000025
(null),(null),M,B6NC_37036_115757,4.743,24.357,0.0518,0.5056,9.6,0.0171973,0.828469,0.161327,9.76062,29.40001376
(null),(null),M,B6NC_142809_281970,6.224,22.066,0.0505,0.4622,9.5,0.0162175,0.774246,0.218386,9.15247,28.49998579
(null),(null),M,B6NC_202852_410683,5.415,25.705,0.0547,0.5423,9.7,0.0177803,0.842787,0.177541,9.91408,30.49999585
(null),(null),M,B6NC_92334_187595,7.127,21.043,0.0483,0.3994,9.2,0.0141631,0.746206,0.25273,8.26915,28.19998767
(null),(null),M,B6NC_42020_144610,5.67,19.53,0.0473,0.3943,9.2,0.0151073,0.748276,0.217241,8.33615,26.09999519
(null),(null),M,B6NC_130653_237610,4.841,21.759,0.0504,0.4524,9.4,0.0167556,0.805889,0.179296,8.97619,26.99999628
(null),(null),M,B6NC_34678_091834,7.366,21.634,0.0498,0.4318,9.4,0.0145878,0.730878,0.248851,8.67068,29.60001532
(null),(null),M,B6NC_118075_229587,4.869,24.461,0.0539,0.5165,9.7,0.0175085,0.829186,0.165051,9.58256,29.50001568
(null),(null),M,B6NC_172883_348926,5.988,22.662,0.0521,0.4756,9.9,0.0155934,0.743016,0.196328,9.1286,30.50001615
(null),(null),M,B6NC_98732_198313,5.149,18.911,0.0486,0.4167,9.1,0.0164055,0.744528,0.202717,8.57407,25.39998496
(null),(null),M,B6NC_31165_069395,6.163,24.347,0.0524,0.4755,9.8,0.0152404,0.780353,0.197532,9.07443,31.19998257
(null),(null),M,B6NC_212524_441144,8.209,21.861,0.0498,0.4096,9.5,0.0138847,0.741051,0.278271,8.2249,29.49999393
(null),(null),M,B6NC_24940_034419,3.951,25.099,0.0549,0.5294,9.8,0.0177057,0.839431,0.13214,9.64299,29.90001561
(null),(null),M,B6NC_228152_510073,5.23,21.32,0.05,0.445,9.5,0.0164207,0.786716,0.192989,8.9,27.09999542
(null),(null),M,B6NC_180635_365959,5.911,25.529,0.054,0.5019,9.7,0.0156844,0.797781,0.184719,9.29444,32.00001003
(null),(null),M,B6NC_100762_209137,4.592,20.228,0.0514,0.4543,9.2,0.017677,0.787082,0.178677,8.83852,25.6999906
(null),(null),M,B6NC_219972_483044,5.735,24.935,0.0543,0.5342,10,0.0167461,0.781661,0.179781,9.83794,31.90001804
(null),(null),M,B6NC_26164_038434,4.617,22.543,0.0536,0.4875,9.6,0.0169271,0.782743,0.160313,9.09515,28.80000204
(null),(null),M,B6NC_158249_307710,4.286,23.914,0.0526,0.4812,9.8,0.0167083,0.830347,0.148819,9.14829,28.80000771
MGI:105977,G6pd2,F,ACSE_137_430037,5.695,16.465,0.0458,0.3437,8.9,0.0157661,0.755275,0.261239,7.50437,21.80000662
MGI:105977,G6pd2,F,ACSE_85_410985,3.793,17.757,0.0492,0.436,9,0.0197285,0.803484,0.171629,8.86179,22.10000448
MGI:105977,G6pd2,F,ACSE_163_432863,3.726,17.324,0.0496,0.4294,8.9,0.0198796,0.802037,0.1725,8.65726,21.600001
MGI:107624,Mvk,F,ABZY_95_328195,4.169,18.491,0.0515,0.439,9,0.0191703,0.807467,0.182052,8.52427,22.90000706
MGI:107624,Mvk,F,ABZY_99_328199,3.868,18.752,0.0515,0.4631,9.2,0.0201348,0.815304,0.168174,8.99223,23.00000981
MGI:107624,Mvk,F,ABZY_144_349944,3.5,17.21,0.048,0.4073,8.9,0.0189442,0.800465,0.162791,8.48542,21.50000312
MGI:107801,Atp5b,F,AAVW_51_123951,3.652,15.468,0.0491,0.4105,8.9,0.0203218,0.765743,0.180792,8.36049,20.19998877
MGI:107801,Atp5b,F,AAVW_53_123953,3.951,17.179,0.05,0.436,9.1,0.0194643,0.76692,0.176384,8.72,22.39998957
MGI:107801,Atp5b,F,AAVW_64_144064,3.434,16.766,0.0499,0.4239,8.9,0.019625,0.776204,0.158981,8.49499,21.59999175
MGI:107927,Rock1,F,ABDT_95_230295,5.422,17.168,0.0461,0.3538,9,0.0151845,0.736824,0.232704,7.67462,23.30000109
MGI:107927,Rock1,F,ABDT_113_253313,3.782,17.228,0.0495,0.4353,9,0.0191762,0.758943,0.166608,8.79394,22.69999196
MGI:107927,Rock1,F,ABDT_114_253314,3.156,16.694,0.0469,0.3992,9,0.0187418,0.783756,0.148169,8.51173,21.29999643
MGI:109359,Nek2,F,ABWP_174_349774,3.277,16.703,0.0496,0.4259,8.9,0.0199019,0.780514,0.153131,8.58669,21.40000051
MGI:109359,Nek2,F,ABWP_148_349748,3.788,17.372,0.0502,0.4247,9,0.019662,0.804259,0.17537,8.46016,21.60000696
MGI:109359,Nek2,F,ABWP_145_349745,3.275,17.325,0.0494,0.4115,8.8,0.0189631,0.798387,0.150922,8.32996,21.70000263
MGI:109484,Ywhaz,F,ABFO_82_243382,3.802,17.438,0.0475,0.3877,9,0.0168565,0.758174,0.165304,8.16211,22.99999736
MGI:109484,Ywhaz,F,ABFO_89_253789,4.612,18.218,0.0501,0.4329,9.1,0.0179627,0.755934,0.191369,8.64072,24.09998757
MGI:109484,Ywhaz,F,ABFO_91_253791,3.623,18.337,0.0509,0.436,9.1,0.0187124,0.786996,0.155494,8.56581,23.29999136
MGI:1197006,Pipox,F,AAXY_66_129866,4.002,16.208,0.0471,0.3899,8.9,0.0186555,0.775502,0.191483,8.27813,20.90001057
MGI:1197006,Pipox,F,AAXY_60_129860,3.866,18.744,0.0504,0.4496,9.1,0.0193793,0.807931,0.166638,8.92064,23.20000099
MGI:1197006,Pipox,F,AAXY_69_129869,4.157,19.463,0.05,0.4345,9.1,0.0179545,0.804256,0.171777,8.69,24.20000597
MGI:1201778,Atp6v0d1,F,ABHF_70_254470,5.244,15.986,0.048,0.3737,9,0.0173814,0.743535,0.243907,7.78542,21.49999664
MGI:1201778,Atp6v0d1,F,ABHF_67_254467,4.279,14.571,0.0466,0.3571,8.7,0.0175049,0.714265,0.209755,7.66309,20.3999916
MGI:1201778,Atp6v0d1,F,ABHF_68_254468,5.58,18.47,0.0491,0.3708,8.9,0.0177416,0.883732,0.266986,7.55193,20.90000136
MGI:1342276,Mfap4,F,ABEL_110_225110,4.576,17.854,0.0513,0.4259,9,0.018279,0.766266,0.196395,8.30214,23.30000287
MGI:1342276,Mfap4,F,ABEL_111_225111,4.124,16.706,0.0493,0.3945,8.8,0.0180137,0.762831,0.188311,8.00203,21.90000144
MGI:1342276,Mfap4,F,ABEL_109_225109,3.835,17.235,0.0495,0.3952,8.9,0.0179636,0.783409,0.174318,7.98384,22.00000255
MGI:1344408,Pebp1,F,ACRL_89_428689,4.197,18.993,0.0493,0.4272,9.3,0.0184935,0.822208,0.181688,8.66531,23.09999416
MGI:1344408,Pebp1,F,ACRL_93_428693,3.828,17.922,0.0494,0.4329,9.2,0.0190705,0.789515,0.168634,8.76316,22.70001203
MGI:1344408,Pebp1,F,ACRL_102_433002,3.691,16.479,0.047,0.3855,9,0.0183571,0.784714,0.175762,8.20213,21.00000765
MGI:1344414,Sra1,F,AARI_74_055774,3.448,15.602,0.0468,0.3789,8.7,0.018945,0.7801,0.1724,8.09615,20
MGI:1344414,Sra1,F,AARI_76_055776,2.635,13.935,0.0461,0.3399,8.5,0.0192034,0.787288,0.14887,7.3731,17.70000305
MGI:1344414,Sra1,F,AARI_71_055771,2.889,11.271,0.0405,0.2577,7.9,0.0167338,0.731883,0.187597,6.36296,15.40000246
MGI:1347054,Gnpda1,F,AAOQ_90_040790,4.51,18.5,0.0525,0.4625,9.3,0.0186492,0.745968,0.181855,8.80952,24.79999142
MGI:1347054,Gnpda1,F,AAOQ_79_038379,3.652,17.338,0.0521,0.4687,9,0.0203783,0.753826,0.158783,8.99616,23.00000265
MGI:1347054,Gnpda1,F,AAOQ_93_040793,5.977,17.553,0.051,0.424,9.3,0.0170281,0.70494,0.24004,8.31373,24.89999149
MGI:1352757,Iqgap1,F,ACMU_167_487667,2.83,14.97,0.0448,0.3598,8.6,0.0191383,0.796277,0.150532,8.03125,18.79999046
MGI:1352757,Iqgap1,F,ACMU_98_435798,3.434,16.076,0.0456,0.353,8.9,0.0181026,0.82441,0.176103,7.74123,19.50000606
MGI:1352757,Iqgap1,F,ACMU_207_506107,4.173,16.587,0.0478,0.3717,9,0.0177847,0.793636,0.199665,7.77615,20.90000958
MGI:1353578,Pttg1,F,ACRB_235_508035,4.207,15.453,0.0473,0.3802,9,0.0182788,0.742933,0.20226,8.03806,20.79999139
MGI:1353578,Pttg1,F,ACRB_194_493894,4.082,16.958,0.0492,0.4203,9.1,0.0196402,0.79243,0.190748,8.54268,21.39999748
MGI:1353578,Pttg1,F,ACRB_206_493806,5.02,16.16,0.0467,0.3678,9,0.017107,0.751628,0.233488,7.8758,21.49999734
MGI:1859214,Pmm2,F,ABLL_70_296770,4.008,19.162,0.0505,0.4506,9.2,0.0186198,0.791818,0.16562,8.92277,24.20000556
MGI:1859214,Pmm2,F,ABLL_69_296769,4.501,17.349,0.0483,0.403,9,0.0175217,0.754304,0.195696,8.34369,23.00001061
MGI:1859214,Pmm2,F,ABLL_66_294366,3.053,17.717,0.0512,0.4373,8.9,0.0202454,0.820231,0.141343,8.54102,21.60001268
MGI:1914346,Mmachc,F,ACCV_75_356475,3.285,18.765,0.0497,0.4517,9.1,0.0201652,0.837723,0.146652,9.08853,22.40000573
MGI:1914346,Mmachc,F,ACCV_77_356477,2.904,16.586,0.0487,0.4205,9,0.0199289,0.786066,0.13763,8.6345,21.10000941
MGI:1914346,Mmachc,F,ACCV_71_356371,3.938,17.582,0.0484,0.4003,9.2,0.0177124,0.777965,0.174248,8.27066,22.59998843
MGI:1915213,Npc2,F,AASM_81_092481,3.47,16.47,0.0507,0.423,8.7,0.0199528,0.776887,0.163679,8.34319,21.19999434
MGI:1915213,Npc2,F,AASM_95_092495,4.59,17.37,0.0495,0.4169,9.3,0.0179698,0.748707,0.197845,8.42222,23.19999679
MGI:1915213,Npc2,F,AASM_97_092497,3.877,18.153,0.0507,0.4502,9.1,0.0189958,0.765949,0.163586,8.87968,23.70001136
MGI:1915671,Lmbrd1,F,AARU_98_118598,3.797,18.023,0.0512,0.4321,9.1,0.018787,0.783609,0.165087,8.43945,22.99999107
MGI:1915671,Lmbrd1,F,AARU_95_111495,2.397,14.973,0.0455,0.3435,8.5,0.0180789,0.788053,0.126158,7.54945,18.99999112
MGI:1915671,Lmbrd1,F,AARU_99_118599,3.206,17.214,0.0502,0.411,9.2,0.0179476,0.751703,0.14,8.18725,22.90000173
MGI:1918992,Ulk3,F,ACWY_103_496303,3.693,17.777,0.0498,0.4509,9.1,0.0199513,0.786593,0.163407,9.05422,22.59999771
MGI:1918992,Ulk3,F,ACWY_77_487277,3.124,18.126,0.049,0.432,9.1,0.0198165,0.831468,0.143303,8.81633,21.79999711
MGI:1918992,Ulk3,F,ACWY_104_496304,4.739,16.801,0.0511,0.4361,9,0.0196441,0.756802,0.213468,8.53425,22.19999419
MGI:2135610,Dync1li1,F,ACTG_92_428092,4.248,17.992,0.0489,0.3968,9.2,0.0178739,0.81045,0.191351,8.11452,22.20001234
MGI:2135610,Dync1li1,F,ACTG_116_447116,2.936,16.634,0.0498,0.4509,9,0.0212689,0.784623,0.138491,9.05422,21.19999031
MGI:2135610,Dync1li1,F,ACTG_115_447115,2.987,16.283,0.049,0.4194,8.9,0.0204585,0.794293,0.145707,8.55918,20.49999182
MGI:2449119,A2m,F,ABDJ_77_216077,3.687,16.463,0.0483,0.3942,9,0.0185943,0.776557,0.173915,8.16149,21.19998918
MGI:2449119,A2m,F,ABDJ_79_216079,3.763,16.467,0.0485,0.4062,9,0.018633,0.755367,0.172615,8.37526,21.79999921
MGI:2449119,A2m,F,ABDJ_80_216080,3.198,15.182,0.0491,0.3972,8.8,0.0201624,0.77066,0.162335,8.08961,19.6999974
MGI:2668347,C8a,F,ABHU_99_222899,4.153,17.477,0.0506,0.4341,9,0.0188739,0.75987,0.180565,8.57905,22.99998684
MGI:2668347,C8a,F,ABHU_106_224106,5.327,19.223,0.051,0.4372,9.1,0.0179918,0.79107,0.219218,8.57255,24.29999874
MGI:2668347,C8a,F,ABHU_107_224107,3.581,17.359,0.049,0.4212,8.9,0.0195,0.803657,0.165787,8.59592,21.60001095
MGI:87968,Ahcy,F,ABDK_65_190365,4.224,17.436,0.051,0.4334,9,0.0187619,0.754805,0.182857,8.49804,23.10000596
MGI:87968,Ahcy,F,ABDK_61_181061,4.405,19.025,0.0519,0.4578,9.2,0.0189174,0.786157,0.182025,8.82081,24.20000076
MGI:87968,Ahcy,F,ABDK_72_190372,4.801,18.279,0.0526,0.4646,9.2,0.019521,0.768025,0.201723,8.8327,23.80000651
MGI:88357,Cdk4,F,ABFE_141_217741,3.55,15.85,0.0497,0.3862,8.6,0.0190246,0.780788,0.174877,7.77062,20.30000461
MGI:88357,Cdk4,F,ABFE_142_217742,4.456,16.664,0.05,0.3863,8.9,0.0173229,0.747265,0.199821,7.726,22.29998729
MGI:88357,Cdk4,F,ABFE_119_206819,4.519,17.311,0.0494,0.4194,9.1,0.0183144,0.755939,0.197336,8.48988,22.8999959
MGI:891978,Phyh,F,ABIL_42_218142,3.313,15.837,0.0493,0.4109,8.8,0.0208579,0.803909,0.168173,8.33469,19.69999092
MGI:891978,Phyh,F,ABIL_89_244289,3.791,17.509,0.0511,0.4426,9.1,0.0190776,0.754698,0.163405,8.66145,23.20000848
MGI:891978,Phyh,F,ABIL_39_218139,3.809,17.351,0.0505,0.4526,9,0.020296,0.778072,0.170807,8.96238,22.2999928
MGI:94890,Dhfr,F,AAUX_70_122070,3.897,17.633,0.0505,0.4483,9,0.0204703,0.80516,0.177945,8.87723,21.89999503
MGI:94890,Dhfr,F,AAUX_75_125375,3.482,15.648,0.0471,0.3961,8.8,0.0192282,0.759612,0.169029,8.40977,20.59999052
MGI:94890,Dhfr,F,AAUX_74_125374,4.251,16.689,0.0465,0.3849,9.1,0.0173378,0.751757,0.191486,8.27742,22.19999282
MGI:95636,Galc,F,AAOP_94_040494,3.157,16.453,0.0507,0.4286,8.8,0.020217,0.776085,0.148915,8.45365,21.19999742
MGI:95636,Galc,F,AAOP_95_040495,3.427,15.613,0.0493,0.3978,8.8,0.0194049,0.76161,0.167171,8.06897,20.49999343
MGI:95636,Galc,F,AAOP_93_040393,3.271,16.799,0.0495,0.3992,9,0.0185674,0.781349,0.15214,8.06465,21.49999552
MGI:96413,Idh1,F,AAVA_201_190701,5.242,17.548,0.0498,0.3999,8.9,0.017017,0.746723,0.223064,8.03012,23.50001272
MGI:96413,Idh1,F,AAVA_120_138120,2.867,12.143,0.0413,0.3014,7.9,0.0179405,0.722798,0.170655,7.29782,16.79999115
MGI:96413,Idh1,F,AAVA_110_138110,2.957,14.133,0.0436,0.335,8.5,0.0180108,0.759839,0.158978,7.68349,18.59999289
MGI:97621,Plk1,F,AAVR_107_230007,5.93,16.28,0.0487,0.3739,8.9,0.0160472,0.698713,0.254506,7.67762,23.29998154
MGI:97621,Plk1,F,AAVR_98_221098,3.647,16.843,0.0477,0.4014,9.1,0.0188451,0.790751,0.171221,8.41509,21.30000468
MGI:97621,Plk1,F,AAVR_110_230010,4.04,16.57,0.0487,0.4065,8.9,0.0183108,0.746396,0.181982,8.34702,22.20001179
MGI:105977,G6pd2,M,ACSE_148_429948,4.548,21.442,0.0511,0.4568,9.4,0.0173688,0.815285,0.172928,8.93933,26.30000552
MGI:105977,G6pd2,M,ACSE_132_429932,4.568,20.812,0.0507,0.4423,9.3,0.0178347,0.839194,0.184194,8.72387,24.79998665
MGI:105977,G6pd2,M,ACSE_124_420424,7.069,22.141,0.0536,0.4674,9.5,0.0160619,0.760859,0.242921,8.72015,29.10000407
MGI:107624,Mvk,M,ABZY_121_345321,10.762,22.558,0.0495,0.399,9.7,0.0118398,0.669377,0.319347,8.06061,33.69999268
MGI:107624,Mvk,M,ABZY_123_345323,5.476,19.874,0.0501,0.4146,9.3,0.0149137,0.714892,0.196978,8.27545,27.80000336
MGI:107624,Mvk,M,ABZY_119_345319,6.995,20.435,0.0505,0.4216,9.5,0.0150571,0.729821,0.249821,8.34851,28.00001644
MGI:107801,Atp5b,M,AAVW_66_143866,4.592,20.778,0.0527,0.4642,9.4,0.0174511,0.781128,0.172632,8.80835,26.59999386
MGI:107801,Atp5b,M,AAVW_67_143867,5.61,21.36,0.0536,0.4744,9.5,0.0167633,0.75477,0.198233,8.85075,28.30001192
MGI:107801,Atp5b,M,AAVW_69_143869,3.647,21.333,0.0522,0.4889,9.5,0.0183109,0.798989,0.136592,9.3659,26.69999212
MGI:107927,Rock1,M,ABDT_87_230187,5.619,19.921,0.0503,0.4313,9.4,0.0162755,0.751736,0.212038,8.57455,26.49999468
MGI:107927,Rock1,M,ABDT_101_244901,3.824,23.296,0.0459,0.4802,9.5,0.0165586,0.80331,0.131862,10.4619,29.00001245
MGI:107927,Rock1,M,ABDT_88_230188,7.301,22.499,0.0515,0.431,9.5,0.0142715,0.745,0.241755,8.36893,30.2
MGI:109359,Nek2,M,ABWP_143_349643,4.091,23.929,0.0536,0.5228,9.5,0.018216,0.833763,0.142544,9.75373,28.70000228
MGI:109359,Nek2,M,ABWP_140_349640,5.083,23.157,0.0527,0.483,9.5,0.0167708,0.804062,0.176493,9.16508,28.80001791
MGI:109359,Nek2,M,ABWP_227_366627,7.125,20.925,0.0523,0.4306,9.3,0.0151088,0.73421,0.25,8.23327,28.50002043
MGI:109484,Ywhaz,M,ABFO_78_243278,5.396,23.304,0.0513,0.4646,9.2,0.0162448,0.814825,0.188671,9.05653,28.60000614
MGI:109484,Ywhaz,M,ABFO_79_243279,4.887,26.443,0.0542,0.5103,9.5,0.0160978,0.834164,0.154164,9.41513,31.70000144
MGI:109484,Ywhaz,M,ABFO_88_253688,5.665,21.835,0.0517,0.4372,9.5,0.015128,0.755536,0.196021,8.45648,28.90001271
MGI:1197006,Pipox,M,AAXY_117_172417,5.563,19.497,0.0514,0.4345,9.3,0.0170392,0.764588,0.218157,8.45331,25.50000785
MGI:1201778,Atp6v0d1,M,ABHF_101_296501,3.694,18.036,0.0464,0.3697,9,0.0162149,0.791053,0.162018,7.96767,22.79998938
MGI:1201778,Atp6v0d1,M,ABHF_100_296500,4.6,23.28,0.0526,0.5042,9.5,0.0172082,0.794539,0.156997,9.58555,29.30000919
MGI:1201778,Atp6v0d1,M,ABHF_103_296503,4.362,24.148,0.0536,0.4922,9.6,0.0162442,0.796964,0.14396,9.18284,30.29998846
MGI:1342276,Mfap4,M,ABEL_80_212480,4.422,24.108,0.0534,0.481,9.5,0.0165292,0.828454,0.151959,9.00749,29.09998624
MGI:1342276,Mfap4,M,ABEL_86_213386,5.308,23.542,0.054,0.4862,9.6,0.0164257,0.795338,0.179324,9.0037,29.59999396
MGI:1342276,Mfap4,M,ABEL_77_212477,4.413,25.207,0.0545,0.5325,9.6,0.0178691,0.845873,0.148087,9.77064,29.79998179
MGI:1344408,Pebp1,M,ACRL_41_413741,8.19,22.95,0.0526,0.4637,9.7,0.0152033,0.752459,0.268525,8.81559,30.50000066
MGI:1344408,Pebp1,M,ACRL_42_413742,5.747,27.093,0.054,0.5361,9.9,0.0165975,0.838793,0.177926,9.92778,32.29998343
MGI:1344408,Pebp1,M,ACRL_45_413745,5.962,26.798,0.0553,0.5367,10,0.0159732,0.79756,0.17744,9.70524,33.59997994
MGI:1344414,Sra1,M,AARI_90_069290,5.58,19.33,0.0507,0.4081,9.1,0.0160669,0.761024,0.219685,8.04931,25.39998739
MGI:1344414,Sra1,M,AARI_86_069286,3.977,20.573,0.0511,0.4532,9.2,0.0172319,0.782243,0.151217,8.86889,26.30001163
MGI:1344414,Sra1,M,AARI_96_073696,7.867,24.643,0.0548,0.506,9.7,0.015241,0.742259,0.236958,9.23358,33.20000162
MGI:1347054,Gnpda1,M,AAOQ_76_038276,4.725,24.085,0.0544,0.5074,9.6,0.0169699,0.805518,0.158027,9.32721,29.90001465
MGI:1347054,Gnpda1,M,AAOQ_81_040681,4.19,23.93,0.0527,0.5002,9.7,0.0168986,0.808446,0.141554,9.49146,29.59999802
MGI:1347054,Gnpda1,M,AAOQ_83_040683,4.138,24.802,0.0546,0.5205,9.5,0.0170656,0.81318,0.135672,9.53297,30.5000123
MGI:1352757,Iqgap1,M,ACMU_161_487461,4.45,21.88,0.0506,0.4487,9.4,0.0169962,0.828788,0.168561,8.86759,26.39999614
MGI:1352757,Iqgap1,M,ACMU_164_487464,4.239,20.841,0.0494,0.418,9.4,0.0164567,0.820512,0.16689,8.46154,25.39999415
MGI:1352757,Iqgap1,M,ACMU_177_493977,3.314,21.236,0.0507,0.4464,9.2,0.0177849,0.846056,0.132032,8.80473,25.09999338
MGI:1353578,Pttg1,M,ACRB_113_448913,4.251,19.629,0.0498,0.4257,9.2,0.0178866,0.824748,0.178613,8.54819,23.79999709
MGI:1353578,Pttg1,M,ACRB_110_448910,4.564,16.466,0.0453,0.3405,8.9,0.0160613,0.776698,0.215283,7.51656,21.20000309
MGI:1353578,Pttg1,M,ACRB_124_448924,4.074,17.366,0.0468,0.3795,9,0.0174885,0.800276,0.187742,8.10897,21.7000135
MGI:1859214,Pmm2,M,ABLL_77_302577,4.524,22.086,0.0503,0.4399,9.4,0.0161728,0.811985,0.166324,8.74553,27.20000985
MGI:1859214,Pmm2,M,ABLL_81_303981,5.565,22.975,0.0487,0.421,9.4,0.0153091,0.835455,0.202364,8.64476,27.49998504
MGI:1859214,Pmm2,M,ABLL_76_302576,4.935,21.595,0.0522,0.4604,9.4,0.0168645,0.791026,0.180769,8.81992,27.29998761
MGI:1914346,Mmachc,M,ACCV_57_356157,3.782,24.868,0.0534,0.5346,9.5,0.0182457,0.848737,0.129079,10.0112,29.30000695
MGI:1914346,Mmachc,M,ACCV_72_356272,3.897,24.343,0.0534,0.5478,9.8,0.0181993,0.808738,0.129468,10.2584,30.09998294
MGI:1914346,Mmachc,M,ACCV_68_356268,6.45,21.47,0.0534,0.4606,9.5,0.0155084,0.722896,0.217172,8.62547,29.69998451
MGI:1915213,Npc2,M,AASM_93_092293,6.261,24.279,0.0545,0.4976,9.6,0.0157468,0.768323,0.198133,9.13028,31.59999115
MGI:1915213,Npc2,M,AASM_94_092294,5.031,24.739,0.0546,0.5118,9.7,0.0164038,0.792917,0.16125,9.37363,31.19998688
MGI:1915671,Lmbrd1,M,AARU_65_072465,3.197,20.313,0.0533,0.4838,9.3,0.0186795,0.784286,0.123436,9.07692,25.89999056
MGI:1915671,Lmbrd1,M,AARU_76_085376,4.241,23.479,0.0548,0.5117,9.8,0.0171711,0.787886,0.142315,9.33759,29.79999645
MGI:1915671,Lmbrd1,M,AARU_74_085374,4.478,24.602,0.0546,0.5378,9.7,0.0176908,0.809276,0.147303,9.84982,30.40001186
MGI:1918992,Ulk3,M,ACWY_74_487174,3.578,22.922,0.052,0.5272,9.5,0.0195259,0.848963,0.132519,10.1385,26.99999882
MGI:2135610,Dync1li1,M,ACTG_87_427987,8.508,24.342,0.0518,0.4474,9.7,0.0135988,0.739878,0.258602,8.63707,32.90001865
MGI:2135610,Dync1li1,M,ACTG_83_424983,5.607,25.033,0.0523,0.4845,9.5,0.016043,0.828907,0.185662,9.26386,30.20001038
MGI:2135610,Dync1li1,M,ACTG_84_424984,6.837,22.633,0.0521,0.4639,9.6,0.0156195,0.762054,0.230202,8.90403,29.69999501
MGI:2449119,A2m,M,ABDJ_89_215989,4.268,19.982,0.0512,0.4352,9.1,0.0173386,0.796096,0.17004,8.5,25.09998794
MGI:2449119,A2m,M,ABDJ_71_204771,6.857,24.743,0.0534,0.487,9.6,0.0153628,0.780536,0.216309,9.11985,31.70001127
MGI:2449119,A2m,M,ABDJ_70_204770,7.413,23.347,0.0525,0.4603,9.6,0.0147061,0.745911,0.236837,8.76762,31.29998083
MGI:2668347,C8a,M,ABHU_143_257443,7.981,24.199,0.0534,0.49,9.8,0.0148936,0.735532,0.242584,9.17603,32.89999619
MGI:2668347,C8a,M,ABHU_145_257445,4.315,21.525,0.0523,0.4701,9.4,0.0171569,0.785584,0.157482,8.98853,27.39999796
MGI:2668347,C8a,M,ABHU_125_233525,5.649,24.721,0.0561,0.5265,10,0.0172059,0.807876,0.184608,9.38503,30.59999307
MGI:87968,Ahcy,M,ABDK_56_180956,5.51,25.1,0.0545,0.5191,9.6,0.0165318,0.799363,0.175478,9.52477,31.40000225
MGI:87968,Ahcy,M,ABDK_57_180957,5.535,23.145,0.0537,0.4911,9.5,0.0168185,0.792637,0.189555,9.14525,29.1999995
MGI:87968,Ahcy,M,ABDK_58_180958,5.728,22.352,0.0535,0.4833,9.5,0.0166655,0.770759,0.197517,9.03364,28.99998573
MGI:88357,Cdk4,M,ABFE_125_206925,5.094,20.126,0.0507,0.4261,9.2,0.0163257,0.771111,0.195172,8.40434,26.10000376
MGI:88357,Cdk4,M,ABFE_132_209532,6.6,20.12,0.0492,0.4228,9.4,0.0152086,0.723741,0.23741,8.5935,27.80000028
MGI:88357,Cdk4,M,ABFE_123_206923,5.196,21.314,0.0524,0.4435,9.4,0.0164259,0.789407,0.192444,8.46374,27.00001393
MGI:891978,Phyh,M,ABIL_83_244183,6.718,22.492,0.054,0.476,9.6,0.0159197,0.752241,0.224682,8.81481,29.89999216
MGI:891978,Phyh,M,ABIL_107_257807,4.102,24.988,0.0543,0.5204,9.6,0.017289,0.830166,0.136279,9.58379,30.1000041
MGI:891978,Phyh,M,ABIL_99_257899,3.923,24.097,0.0537,0.4934,9.4,0.0171916,0.839617,0.13669,9.18808,28.69999059
MGI:94890,Dhfr,M,AAUX_86_129286,3.759,16.561,0.045,0.334,8.6,0.0156808,0.777512,0.176479,7.42222,21.2999928
MGI:94890,Dhfr,M,AAUX_83_129283,4.512,20.838,0.05,0.4547,9.4,0.0172235,0.789318,0.170909,9.094,26.40000608
MGI:94890,Dhfr,M,AAUX_85_129285,3.494,17.556,0.0448,0.3415,8.5,0.0155227,0.798,0.158818,7.62277,22
MGI:95636,Galc,M,AAOP_112_043712,5.416,22.644,0.0539,0.4845,9.8,0.0163131,0.762424,0.182357,8.98887,29.70000944
MGI:95636,Galc,M,AAOP_111_043711,5.845,20.605,0.053,0.4661,9.5,0.0167662,0.741187,0.210252,8.79434,27.80000189
MGI:95636,Galc,M,AAOP_109_043709,6.617,19.333,0.0508,0.3988,9.4,0.0145547,0.705584,0.241496,7.85039,27.39999773
MGI:96413,Idh1,M,AAVA_100_115900,3.666,21.614,0.0503,0.4486,9.2,0.0172538,0.831308,0.141,8.91849,25.99999038
MGI:96413,Idh1,M,AAVA_96_115996,4.487,22.383,0.0521,0.4971,9.3,0.0181423,0.816898,0.163759,9.54127,27.39999363
MGI:96413,Idh1,M,AAVA_162_185262,4.585,17.145,0.0451,0.3325,8.8,0.0149775,0.772297,0.206532,7.37251,22.20000855
MGI:97621,Plk1,M,AAVR_91_215491,2.677,14.933,0.0472,0.3719,8.7,0.0195737,0.785947,0.140895,7.87924,19.00000891
MGI:97621,Plk1,M,AAVR_90_215490,5.199,18.981,0.0487,0.3999,9.1,0.0159323,0.756215,0.207131,8.2115,25.10000463
MGI:97621,Plk1,M,AAVR_89_215489,3.759,21.471,0.052,0.4716,9.6,0.0178636,0.813295,0.142386,9.06923,26.40001475
